"Council","Address","Financial year","Type of audit report","Type 1 (qualified opinion)","Nature of qualified opinion 1","Description 1","Type 2 (qualified opinion)","Nature of qualified opinion 2","Description 2","Type 3 (qualified opinion)","Nature of qualified opinion 3","Description 3","Type 4 (EoM)","Nature of EoM 4","Description 4","Type 5 (EoM)","Nature of EoM 5","Description 5","Type 6 (EoM)","Nature of EoM 6","Description 6","Type 7 (Key audit matter)","Description 6","Type 8 (Other Matter Paragraph)"
"Hutt City Council","30 Laings Road
Lower Hutt Lower Hutt 5040
New Zealand","2024/25","Non-standard","Qualified","Service performance: Water services - counting the number of complaints","Statement of service provision: Our work was limited with respect to several performance measures. The total number of complaints received about water supply, wastewater, and stormwater The Department of Internal Affairs has issued guidance to assist local authorities in applying the Rules, including how to count complaints. The Council has not been counting complaints in accordance with this guidance and the method of recording was likely to have understated the actual number of complaints received for these performance measures.Our opinion on these performance measures was also qualified in the 2024 performance year","Qualified","Service performance: Smooth travel exposure","The average quality of ride on the sealed local road network, measured by smooth travel 
exposure. Reported performance of this performance measure is based on surveys of road roughness and traffic volumes. The traffic volumes are based on actual counts of certain roads and the use of these counts to estimate traffic volumes on the rest of the sealed local road network.We were unable to obtain assurance over the reliability of estimated traffic volumes used in the calculation of this performance measure. This was because the actual traffic counts used as an input to estimated traffic volumes are not sufficiently up to date, with only a small portion of the road network having counts in the last four years. In addition, as described on page 73, Council identified certain anomalies in its estimations of traffic volumes which are yet to be resolved. Therefore, the Council does not have sufficiently reliable data to calculate the average quality of ride on the sealed local road network measured by smooth travel exposure. The actual quality of ride on the sealed local road network may differ materially from the result reported.","Qualified","Service performance: Roads & footpaths","The percentage of customer service requests relating to roads and footpaths which are responded to within a seven-day timeframe. The Council did not maintain sufficient appropriate evidence to support the time taken to respond to customer service requests relating to roads and footpaths.","Emphasis of Matter","Uncertainty over the fair value of three waters assets ","Uncertainty over the fair value of three waters assets. Note 14 on pages 157 to 158 of the financial statements which outlines the significant uncertainties over the fair value of three waters assets as at 30 June 2024 and 30 June 2025. The fair value of these assets has been affected by increased costs of construction over the last few years. The review of procurement arrangements and changes to the region’s water services delivery model could lead to future changes in construction costs, which increases the uncertainty over the estimated fair value of
these assets.","Emphasis of Matter","Greenhouse gas emissions","Inherent uncertainties in the measurement of greenhouse gas emissions. The Group has chosen to include a measure of its greenhouse gas (GHG) emissions in its performance information. In considering the public interest in climate change related information, we draw attention to page 64 of the annual report, which outlines the inherent uncertainties in the reported GHG emissions. Quantifying GHG emissions is subject to inherent uncertainties because the scientific knowledge and methodologies to determine the emissions factors and processes used to calculate or estimate quantities of GHG sources are still evolving, as are GHG reporting and assurance standards.","Emphasis of Matter","Future of water delivery","Future of water delivery. Without modifying our opinion, we draw attention to Note 1, Critical judgements in applying accounting policies and Note 31 of the financial statements outline that in response to the Government’s Local Water Done Well reforms, the Council has decided to establish a multi-owned water organisation with Porirua City, Upper Hutt City, Wellington City and Greater Wellington Regional Councils to deliver water, wastewater and stormwater services from 1 July 2026. The financial impact of this decision is unknown because details of the exact arrangements are still to be considered.",,,
"Upper Hutt City Council","Civic Administration Building
838 - 842 Fergusson Drive
Upper Hutt Upper Hutt
New Zealand","2024/25","Non-standard","Qualified","Service performance: Water services  - counting the number of complaints","Statement of service provision: The total number of complaints received about water supply, wastewater, and stormwater. The Department of Internal Affairs has issued guidance to assist local authorities in applying the Rules, including how to count complaints. The Council has not been counting complaints in accordance with this guidance and the method of recording was likely to have understated the actual number of complaints received for these performance measures.Our opinion on these performance measures was also qualified in the 2024 performance year.","Qualified","Service performance: Smooth travel exposure","The average quality of ride on the sealed local road network, measured by smooth travel exposure. Reported performance of this performance measure is based on surveys of road roughness and traffic volumes. The traffic volumes are based on actual counts of certain roads and the use of these counts to estimate traffic volumes on the rest of the sealed local road network.We were unable to obtain assurance over the reliability of estimated traffic volumes used in the calculation of this performance measure. This was because the actual traffic counts used as an input to estimated traffic volumes are not sufficiently up to date, as there have been no traffic counts on the road network in the last two years.Therefore, the Council does not have sufficiently reliable data to calculate the average quality of ride on the sealed local road network measured by smooth travel exposure. The actual quality of ride on the sealed local road network may differ materially from the result reported.",,,,"Emphasis of Matter","Uncertainty over the fair value of three waters assets ","Uncertainty over the fair value of three waters assets. Note 10 on pages 141 to 142 of the financial statements outlines the significant uncertainties over the fair value of three waters assets as at 30 June 2024 and 30 June 2025. The fair value of these assets has been affected by increased costs of construction over the last few years. The review of procurement arrangements and changes to the region’s water services delivery model could lead to future changes in construction costs, which increases the uncertainty over the estimated fair value of these assets.","Emphasis of Matter","Greenhouse gas emissions","Inherent uncertainties in the measurement of greenhouse gas emissions. The Council has chosen to include a measure of its greenhouse gas (GHG) emissions in its performance information. In considering the public interest in climate change related information, we draw attention to page 84 of the annual report, which outlines the inherent uncertainties in the reported GHG emissions. Quantifying GHG emissions is subject to inherent uncertainties because the scientific knowledge and methodologies to determine the emissions factors and processes used to calculate or estimate quantities of GHG sources are still evolving, as are GHG reporting and assurance standards.","Emphasis of Matter","Future of water delivery","Future of water delivery. Without modifying our opinion, we draw attention to Note 21, Post balance date events of the financial statements outline that in response to the Government’s Local Water Done Well reforms, the Council has decided to establish a multi-owned water organisation with Porirua City, Upper Hutt City, Wellington City and Greater Wellington Regional Councils to deliver water, wastewater and stormwater services from 1 July 2026. The financial impact of this decision is unknown because details of the exact arrangements are still to be considered.",,,
"Bay of Plenty Regional Council","87 First Avenue
Tauranga Whakatane 3110
New Zealand","2024/25","Non-standard",,,,,,,,,,"Emphasis of Matter","Inherent uncertainties in the measurement of greenhouse gas emissions","Emphasis of matter – inherent uncertainties in the measurement of greenhouse gas emissions. The Regional Council has chosen to include a measure of its greenhouse gas (GHG) emissions in its performance information. Without modifying our opinion and considering the public interest in climate change related information, we draw attention to page 64 of the annual report, which outlines the uncertainty in the reported GHG emissions. Quantifying GHG emissions is subject to inherent uncertainty because the scientific knowledge and methodologies to determine the emissions factors and processes to calculate or estimate quantities of GHG sources are still evolving, as are GHG reporting and assurance standards.",,,,,,,,,
"Manawatu District Council","135 Manchester Street
Feilding Horowhenua 4743
New Zealand","2024/25","Non-standard","Qualified","Service performance: Building consent and resource consent processing times","Statement of service performance: Our work in the prior year was limited with respect to Building consent and resource consent processing times. An important part of the Council’s service performance is processing consent applications in accordance with statutory timeframes. In reporting its performance for the Regulatory group of activities, the Council has reported against performance measures on:
• The percentage of building consent applications and code of compliance certificates that are processed and approved within the statutory 20 working days.
• The percentage of applications for resource consent under the Resource Management Act which are processed in accordance with the statutory timeframes for non-notified consents.
Our audit testing in the prior year of a sample of consents identified issues with the recorded processing times not agreeing to underlying consent information.Due to the extent of the inaccuracies we identified from our sample testing in the prior year, we were unable to determine whether the Council’s reported performance for these two measures for
the 2024 performance year was materially correct.","Qualified","Service performance: Water services - counting the number of complaints","The total number of complaints received about water supply, wastewater, and stormwater.
The Council is required to report against the performance measures set out in the Non-Financial Performance Measure Rules 2024 (the Rules) made by the Secretary for Local Government. These include mandatory performance measures relating to the number of complaints received in relation to its drinking water supply, wastewater system, and performance of the stormwater system (per 1,000 connections).The Department of Internal Affairs has issued guidance to assist local authorities in applying the Rules, including how to count complaints. Our audit testing found that in the 2024 performance year the Council was not counting complaints in accordance with this guidance and the Council’s method of counting was likely to have understated the actual number of complaints received. Furthermore, complete records for all complaints made to the Council were not available.As a result, we were unable to determine whether the Council’s reported performance for these measures for the 2024 performance year was materially correct.",,,,"Emphasis of Matter","Future of water delivery","Future of water delivery. Without further modifying our opinion, we draw attention to pages 187 to188, which outlines that in response to the Government’s Local Water Done Well reforms, the Council has decided to deliver water services itself directly. There is some uncertainty as the proposal is yet to be accepted by the Secretary for Local Government.",,,,,,,,,
"Westland District Council","36 Weld Street
Hokitika Hokitika
New Zealand","2024/25","Non-standard",,,,,,,,,,"Emphasis of Matter","Future of water delivery","Future of water delivery. Without modifying our opinion, we draw attention to Note 26 on pages 161 to 162, which outlines that in response to the Government’s Local Water Done Well reforms, the Council has decided to establish a multi-owned water organisation with Grey District Council and Buller District Council to deliver water, wastewater and stormwater services from 1 July 2027.The financial impact of this decision is unknown because details of the exact arrangements are still being considered.",,,,,,,,,
"Nelson City Council","Civic House
110 Trafalgar Street
Nelson Nelson
New Zealand","2024/25","Non-standard",,,,,,,,,,"Emphasis of Matter","Future of water delivery","Future of water delivery. Note 2.29 on pages 162 and 163 outlines that in response to the Government’s Local Water Done Well reforms, the Council has decided to deliver water services itself directly. There is some uncertainty as the proposal is yet to be accepted by the Secretary for Local Government.","Emphasis of Matter","Greenhouse gas emissions","Inherent uncertainty in the measurement of greenhouse gas emissions. The Council has chosen to include a measure of its greenhouse gas (GHG) emissions in its performance information. Considering the public interest in climate change-related information, we draw attention to pages 110 to 112 of the performance information, which outlines the inherent uncertainty in the reported GHG emissions. Quantifying GHG emissions is subject to inherent uncertainty because the scientific knowledge and methodologies to determine the emissions factors and processes to calculate or estimate quantities of GHG sources are still evolving, as are GHG reporting and assurance standards.",,,,,,
"Greater Wellington Regional Council","Wgtn Regional Council House
Shed 39, 2 Fryatt Quay, Pipitea
Wellington Wellington 6011
New Zealand","2024/25","Non-standard","Qualified","Service performance: Greenhouse gas emissions","Statement of service provision: Our work was limited in relation to measurement of greenhouse gas emissions in the comparative year only. The Council has chosen to include two measures of greenhouse gas (GHG) emissions in its performance information:
• Tonnes of CO2 emitted per year on Metlink Public Transport services. This is reported on page 60 of the annual report.
• The organisation’s total tonnes of CO2 equivalent emissions (gross). This measure includes emissions generated directly by the Group itself, emissions from the use of the Council’s assets (such as grazing in regional parks), and emissions from the services that the Council is responsible for.
As a result, this measure includes the emissions from Metlink Public Transport services also reported separately. This is reported on page 64 of the annual report.As explained on page 32, the emissions reported in the 2025 performance year for both measures relate to estimated emissions generated in the previous year. We consider this material performance information because the Council has declared a climate emergency and because of the public interest in climate change related information. For the 30 June 2024 performance year, the Council was still developing the systems and controls needed to produce reliable evidence to support the data inputs and estimations used in the measurement of GHG emissions, including the measurement of material emissions from Metlink Public Transport services. Therefore, we were unable to obtain sufficient appropriate evidence to conclude whether the reported performance for both measures was materially correct. As a result, our work was limited, and there were no practicable audit procedures we could apply to obtain assurance over the reported performance for the 30 June 2024 performance year, reported as comparative information.This issue has been resolved for the 30 June 2025 performance year. As the limitation on our work cannot be resolved for prior years, the Council’s reported performance for these performance measures for the 30 June 2025 year may not be directly comparable to the reported performance for the same measure in the prior years.",,,,,,,"Emphasis of Matter","Future of water delivery","Future of water delivery. Note 34 on pages 182 to 183 outlines that in response to the Government’s Local Water Done Well reforms, the Council has decided to establish a multi-owned water organisation with Wellington, Hutt, Porirua, and Upper Hutt City Councils to deliver water, wastewater and stormwater services from 1 July 2026. The financial impact of this decision is unknown because details of the exact arrangements are still being considered.","Emphasis of Matter","Greenhouse gas emissions","Inherent uncertainties in the measurement of GHG emissions. As discussed in the Basis for our opinion on the audited information and disclosure requirements section of our report, the Council has chosen to include measures of its GHG emissions in its performance information. In considering the public interest in climate change related information, we draw attention to the inherent uncertainty disclosure on page 34 of the annual report, which outlines the inherent uncertainty in the reported greenhouse gas (GHG) emissions. Quantifying GHG emissions is subject to inherent uncertainty because the scientific knowledge and methodologies to determine the emissions factors and processes to calculate or estimate quantities of GHG sources are still evolving, as are GHG reporting and assurance standards. In particular, there is estimation uncertainty associated with the reliance on modelling and assumptions to determine certain emissions, including emissions from Metlink bus services.",,,,,,
"Matamata-Piako District Council","35 Kenrick Street
Te Aroha Te Aroha
New Zealand","2024/25","Non-standard","Qualified","Financial statements","Financial statements and other audited information, excluding the service performance information. Our work was limited in respect of property, plant and equipment. As a result of the issues explained in Note 12 on pages 97 to 107 of the financial statements, we were unable to obtain sufficient appropriate audit evidence to confirm the accuracy and completeness of the recorded additions to property, plant and equipment and transfers from work in progress for the year ended 30 June 2025. Consequently, we were unable to obtain sufficient assurance that the carrying value of property, plant and equipment is materially correctly stated and whether the classification of expenses between operating expenditure and capital expenditure is materially correct.",,,,,,,"Emphasis of Matter","Future of water delivery","Future of water delivery. Without further modifying our opinion, we draw attention to Note 22 on page 121 of the financial statements which outlines that in response to the Government’s Local Water Done Well reforms, the Council has decided to establish a multi-owned water organisation with Hauraki, Ōtorohanga, South Waikato, Waitomo, Waipa and Taupō District Councils (the latter joining as a shareholder in a limited capacity) from 1 July 2026. The financial impact of this decision is unknown because details of the exact arrangements are still being considered.",,,,,,,,,
"Napier City Council","Civic Buildings
Hastings Street
Napier Napier
New Zealand","2024/25","Non-standard","Qualified","Service performance: Water services - response time","Statement of service performance: Our work was limited with respect of water supply, wastewater and stormwater fault response times performance measures. The Council is required to report against the performance measures set out in the Non-Financial Performance Measure Rules 2013 (the Rules) made by the Secretary for Local Government. These include mandatory performance measures relating to the time taken to attend and resolve water supply, wastewater and stormwater faults. The Council was unable to accurately report on fault response times for each of the three water services. The information produced by the system used to report on fault response times was not reliable because the attendance and resolution times for service requests recorded were not always accurate. Our opinion on these performance measures was also qualified for the 2024 performance year. As a result of these issues, our work was limited and there were no practicable audit procedures we could apply to obtain assurance over the reported results for these performance measures.",,,,,,,"Emphasis of Matter","Future of water delivery","Future of water delivery. Without further modifying our opinion, we draw attention to page 191, which outlines that in response to the Government’s Local Water Done Well reforms, the Council has decided to establish a multi-owned water organisation with Hastings District Council and Central Hawkes Bay District Council to deliver water, wastewater and stormwater services from 1 July 2026.The financial impact of this decision is unknown because details of the exact arrangements are still being considered. In addition, there is some uncertainty as the proposal is yet to be accepted by the Secretary for Local Government.",,,,,,,,,
"Waikato District Council","15 Galileo Street
Ngaruawahia Ngaruawahia
New Zealand","2024/25","Non-standard",,,,,,,,,,"Emphasis of Matter","Future of water delivery","Future of water delivery. Without modifying our opinion further, we draw attention to note 32 on pages 173 to 174, which outlines that in response to the Government’s Local Water Done Well reforms, the Council has decided to establish a multi-owned water organisation with Hamilton City Council to deliver the water and wastewater assets and be responsible for delivering those services from 1 July 2026.The financial impact of this decision is unknown because details of the exact arrangements are still being considered.",,,,,,,,,
"Western Bay Of Plenty District Council","Barkes Corner
1484 Cameron Road
Greerton
Tauranga Tauranga 3112
New Zealand","2024/25","Non-standard",,,,,,,,,,"Emphasis of Matter","Future of water delivery","Future of water delivery. Without modifying our opinion, we draw attention to 109 to 110, which outlines that in response to the Government’s Local Water Done Well reforms, the Council has decided to establish a multiowned water organisation with Tauranga City Council to deliver water, stormwater and wastewater services be responsible for delivering those services from 1 July 2027.The financial impact of this decision is unknown because details of the exact arrangements are still being considered.",,,,,,,,,
"Thames-Coromandel District Council","515 Mackay Street
Thames Thames 3500
New Zealand","2024/25","Non-standard",,,,,,,,,,"Emphasis of Matter","Future of water delivery","Future of water delivery. Without modifying our opinion, we draw attention to note 28 on page 128, which outlines that in response to the Government’s Local Water Done Well reforms, the Council has decided to deliver water services itself directly. There is some uncertainty as the proposal is yet to be accepted by the Secretary for Local Government.",,,,,,,,,
"Tauranga City Council","91 Willow Street
Tauranga Tauranga
New Zealand","2024/25","Non-standard",,,,,,,,,,"Emphasis of Matter","Future of water delivery","Future of water delivery. Without modifying our opinion, we draw attention to page 41 and pages 321 to 322, which outlines that in response to the Government’s Local Water Done Well reforms, the Council has decided to establish a multi-owned water organisation with Western Bay of Plenty District Council to deliver the water and wastewater assets and be responsible for delivering those services from 1 July 2027. The financial impact of this decision is unknown because details of the exact arrangements are still being considered.","Emphasis of Matter","Greenhouse gas emissions","Inherent uncertainties in the measurement of Greenhouse gas emissions. The City Council has chosen to include a measure of its greenhouse gas (GHG) emissions in its performance information. In considering the public interest in climate change related information, we draw attention to page 154 of the annual report, which outlines the uncertainty in the reported GHG emissions. Quantifying GHG emissions is subject to inherent uncertainty because the scientific knowledge and methodologies to determine the emissions factors and processes to calculate or estimate quantities of GHG sources are still evolving, as are GHG reporting and assurance standards.",,,,,,
"Whakatane District Council","14 Commerce Street
Whakatane Whakatane 3120
New Zealand","2024/25","Non-standard","Qualified","Service performance: Water services  - counting the number of complaints","Statement of service performance: Our work was limited in respect of the number of complaints received about water supply, wastewater and stormwater in the prior year only. The District Council is required to report against the performance measures set out in the Non-Financial Performance Measures Rules 2024 (the Rules) made by the Secretary for Local Government. These include mandatory performance measures relating to the number of complaints received for water supply, wastewater, and stormwater.The Department of Internal Affairs has issued guidance to assist local authorities in applying the Rules, including how to count complaints. In the prior year, the District Council and its afterhours call centre provider were not recording and classifying complaints in accordance with this guidance, and the method of recording was likely to have understated the actual number of complaints received. As a result, our work was limited and there were no practicable audit procedures we could apply to obtain assurance over the result for these performance measures for the year ended 30 June 2024, reported as comparative information. These issues have been resolved for the 30 June 2025 financial year. As the issues cannot be resolved for the 30 June 2024 year, the reported performance for these performance measures for the 30 June 2025 year may not be directly comparable with the 30 June 2024 performance information.",,,,,,,"Emphasis of Matter","Future of water delivery","Future of water delivery. Without modifying our opinion, we draw attention to Page 52 and Note 26 on page 196 outlines that in response to the Government’s Local Water Done Well reforms, the Council has at this stage decided to continue to deliver water, wastewater and stormwater services itself directly through an inhouse business unit.The financial impact of this decision is unknown because details of the exact arrangements are still being considered and a reliable estimate cannot be made","Emphasis of Matter","Greenhouse gas emissions","Inherent uncertainties in the measurement of greenhouse gas emissions. The Council has chosen to include a measure of its greenhouse gas (GHG) emissions in its performance information. Considering the public interest in climate change related information, we draw attention to Climate Change and Resilience group of activity on pages 46 to 50 of the annual report, which outlines the uncertainty in the reported GHG emissions. Quantifying GHG emissions is subject to inherent uncertainty because the scientific knowledge and methodologies to determine the emissions factors and processes to calculate or estimate quantities of GHG sources are still evolving, as are GHG reporting and assurance standards.",,,,,,
"Wellington City Council","113 The Terrace
Wellington Wellington 6140
New Zealand","2024/25","Non-standard","Qualified","Service performance: Greenhouse gas emissions","Statement of service provision: Measurement and reporting of Wellington City Council Group greenhouse gas emissions. The Council has chosen to include a measure of the quantity of greenhouse gas (GHG) emissions from the Council and Group in its performance information. This includes emissions generated directly by the Group itself, as well as indirect emissions related to the products and services used by the Council and Group. We consider this material performance information because the Council has declared a climate emergency and because of the public interest in climate change related information.In measuring its scope 3 GHG emissions, the Council has applied spend-based emissions factors to estimate the GHG emissions associated with certain goods and services, including capital goods, purchased by the Council in the 2025 and 2024 performance years.Our audit testing identified several issues in the application of these spend-based factors, and the Council has determined that further work is required to strengthen the methodologies and assumptions around how supplier spend is categorised and the emissions factors are applied, as explained on page 54 of Volume 1 of the annual report.As a result, our work over the accuracy and completeness of Group’s scope 3 emissions was limited and there were no practicable audit procedures we could apply to obtain assurance over the reported results for 2025 and 2024 for the performance measure described above. Without further modifying our opinion, we also draw attention to the inherent uncertainty disclosure in Volume 1, page 198 of the annual report, which outlines the inherent uncertainty in the reported GHG emissions. Quantifying GHG emissions is subject to inherent uncertainty because the scientific knowledge and methodologies to determine the emissions factors and processes to calculate or estimate quantities of GHG sources are still evolving, as are GHG reporting and assurance standards",,,,,,,"Emphasis of Matter","Future of water delivery","Future of water delivery. Note 40 on pages 121 to 122 of Volume 2 outlines that in response to the Government’s Local Water Done Well reforms, the Council has decided to establish a multi-owned water organisation with Hutt City, Porirua City, Upper Hutt City and Greater Wellington Regional Councils to deliver water, wastewater and stormwater services from 1 July 2026. The financial impact of this decision is unknown because details of the exact arrangements are still being considered.","Emphasis of Matter","Three waters assets","Uncertainty over the fair value of three waters asset. Without modifying our opinion, we draw attention Page 62 to 63 of the financial statements in Volume 2 outlines the significant uncertainties over the fair value of three waters assets as at 30 June 2024 and 30 June 2025. The fair value of these assets has been affected by increased costs of construction over the last few years. The review of procurement arrangements and changes to the region’s water services delivery model could lead to changes in construction costs, which increases the uncertainty over the estimated fair value of these assets",,,,,,
"Masterton District Council","161 Queen Street
Masterton Masterton 5810
New Zealand","2024/25","Non-standard",,,,,,,,,,"Emphasis of Matter","Future of water delivery","Future of water delivery. We drew attention to disclosures outlining the uncertainty of financial impact over the Council's decision to deliver water services by establishing a multi-owned water organisation with South Wairarapa, Carterton and Tararua District Councils from 1 July 2027 in response to the Government's Local Water Done Well reforms. This is because the details of the exact arrangements are still being considered and the proposal is yet to be accepted by the Secretary for Local Government.",,,,,,,,,
"New Plymouth District Council","Liardet Street
New Plymouth New Plymouth
New Zealand","2024/25","Non-standard","Qualified","Service performance: Resource consents processing time","Our work was limited in the prior year with respect to the performance measure on the percentage of non-notified resource management consents processed within statutory timeframes. An important part of the Council’s service performance is the percentage of resource management consent applications processed in accordance with statutory timeframes. In the prior year, our audit testing of a sample of non-notified resource management consents identified issues with the recorded processing times not agreeing to underlying consent information. This matter is described on page 29 of the annual report. Due to the extent of the differences we identified, we were unable to determine whether the Council’s reported result for this measure was materially correct. As a result, our work was limited and there were no practicable audit procedures we could apply to obtain assurance over the result for this performance measure for the year ended 30 June 2024, reported as comparative information.",,,,,,,"Emphasis of Matter","Future of water delivery","Future of water delivery. Without further modifying our opinion, we draw attention to note 28 on page 147, which outlines that in response to the Government’s Local Water Done Well reforms, the Council has decided to establish a wholly owned water organisation to deliver water and wastewater with stormwater management to remain in-house. There is some uncertainty as the proposal is yet to be accepted by the Secretary for Local Government.",,,,,,,,,
"Stratford District Council","Miranda Street
Stratford Stratford
New Zealand","2024/25","Non-standard","Qualified","Service performance: Smooth travel exposure","Statement of service performance: Our work was limited with respect to the average quality of ride on the sealed local road network, measured by smooth travel exposure. The District Council is required to report against the performance measures set out in the NonFinancial Performance Measure Rules 2024 (the Rules) made by the Secretary for Local Government. This includes the mandatory performance measure relating to ‘The average quality of ride on the sealed local road network, measured by smooth travel exposure’ disclosed on page 61 of the annual report. This performance measure is important as it is indicative of the quality of service provided to the community. Reported performance of this performance measure is based on surveys of road roughness and traffic volumes. The traffic volumes are based on actual counts of certain roads and the use of these counts to estimate traffic volumes on the rest of the sealed local road network. We were unable to obtain assurance over the reliability of estimated traffic volumes used in the calculation of this performance measure. This was because the actual traffic counts used as an input to estimated traffic volumes are not sufficiently up to date, with only a small portion of the road network having counts in the last two years.

In addition, Council identified certain anomalies in its estimations of traffic volumes which are yet to be resolved. Therefore, the Council does not have sufficiently reliable data to calculate the average quality of ride on the sealed local road network measured by smooth travel exposure. The actual quality of ride on the sealed local road network may differ materially from the result reported.As a result of these issues, our work was limited and there were no practicable audit procedures we could apply to obtain assurance over the reported result for the performance measure.",,,,,,,"Emphasis of Matter","Future of water delivery","Future of water delivery. Without further modifying our opinion, we draw attention to note 33 on page 128, which outlines that in response to the Government’s Local Water Done Well reforms, the Council has decided to retain water services in house, with the Council adopting a standalone business unit as the future delivery model for water, wastewater and stormwater. There is some uncertainty as the proposal is yet to be accepted by the Secretary for Local Government.",,,,,,,,,
"Mackenzie District Council","Main Street
Fairlie Fairlie 7949
New Zealand","2024/25","Non-standard","Qualified","Service performance: Water services - bacterial and protozoal compliance","Statement of service performance: Our work was limited in relation to the performance measures on providing safe drinking water, as measured by bacterial and protozoal compliance with the Drinking Water Quality Assurance Rules. The Council is required to report against the performance measures set out in the Non-Financial Performance Measure Rules 2024 made by the Secretary for Local Government. These mandatory performance measures include measures on the extent to which the Council’s water supplies comply with the bacterial and protozoal compliance criteria in the Drinking Water Quality Assurance Rules 2022 (the Rules). As explained on page 14 of the annual report, the Council did not assess its compliance against all of the relevant requirements of the Rules in relation to bacteria and protozoal compliance and has experienced several challenges in relation to maintaining and assessing water quality in compliance with the Rules. Our audit work also found issues with the completeness and accuracy of the Council’s record-keeping. As the actual compliance result was unknown, the Council has reported a result of 0% compliance with the Rules across all water supplies.As a result of these matters, our work was limited and there were no practicable audit procedures we could apply to determine whether the reported performance of 0% compliance reflects actual performance for these performance measures for the year ended 30 June 2025.",,,,,,,"Emphasis of Matter","Future of water delivery","Future of water delivery. Without further modifying our opinion, we draw attention to note 33 on pages 135 to 136 which outlines that in response to the Government’s Local Water Done Well reforms, the Council hasdecided to deliver water services itself directly.",,,,,,,,,
"Hamilton City Council","Municipal Office Building
Garden Place
Hamilton Hamilton
New Zealand","2024/25","Non-standard","Qualified","Financial statements","Financial statements: Our work was limited over the carrying value of the Council’s water system, wastewater system, and stormwater system assets. As explained in the statement of accounting policies (note 1) and note 24 to the financial statements, the City Council measures water, wastewater and stormwater system assets (three waters systems assets) at fair value. PBE IPSAS 17 Property, Plant and Equipment requires entities that measure assets at fair value to carry out revaluations with sufficient regularity to ensure that revalued assets are not included at a value that is materially different to fair value. There is evidence that there may have been a material change in the fair value of the three waters systems assets since the last revaluation in 2022. The City Council has disclosed on page 266 that it engaged a valuer to perform a revaluation of the three waters systems assets for the year ended 30 June 2025. However, due to concerns with the results of this revaluation, which could not be resolved prior to adoption of the financial statements, the City Council has not recognised the revaluation in the 2025 financial statements.",,,,,,,"Emphasis of Matter","Future of water delivery","Future of water delivery. Without further modifying our opinion, we draw attention to page 221, which outlines that in response to the Government’s Local Water Done Well reforms, the Council has decided to establish a jointly owned water organisation with Waikato District Council to deliver the water and wastewater assets and be responsible for delivering those services from 1 July 2026. The financial impact of this decision is unknown because details of the exact arrangements are still being considered.",,,,,,,,,
"Whanganui District Council","101 Guyton Street
Wanganui Wanganui
New Zealand","2024/25","Non-standard","Qualified","Service performance: Water services - response time","Statement of service performance: The time taken to attend to and resolve water supply and wastewater faults, and to respond to customer service requests for roads and footpaths. Our audit testing of these performance measures identified significant issues with the Council’s systems and processes for completely and accurately recording the time taken to attend to and resolve water and waste faults, and to respond to customer service requests for roads and for footpaths as described on page 26.","Qualified","Service performance: Smooth travel exposure","Statement of service performance: The average quality of ride on the sealed local road network, measured by smooth travel exposure. Reported performance of this performance measure is based on surveys of road roughness and estimated traffic volumes. We were unable to obtain assurance over the reliability of estimated traffic volumes used in the calculation of this performance measure. This is because the majority of these estimates are not sufficiently up to date, as described on page 55 of the annual report. The actual average quality of ride on the sealed local road network may therefore differ materially from the result reported.  ",,,,"Emphasis of Matter","Future of water delivery","Future of water delivery. Without further modifying our opinion, we draw attention to pages 194 to 195, which outlines that in response to the Government’s Local Water Done Well reforms, the Council has decided to establish a multi-owned water organisation with Ruapehu District Council to deliver water, wastewater and stormwater services from 1 July 2025. The financial impact of this decision is unknown because details of the exact arrangements are still being considered. In addition, there is some uncertainty as the proposal is yet to be accepted by the Secretary for Local Government.",,,,,,,,,
"Tasman District Council","189 Queen Street
Richmond
Tasman Tasman 7050
New Zealand","2024/25","Non-standard","Qualified","Financial statements","Financial statements: Our work was limited in respect of the impact of the 2025 weather events on the Council’s property, plant and equipment. As disclosed in volume 2 note 37 on pages 78 to 80, the Tasman district suffered two significant weather events around balance date, which caused extensive flooding and significant damage to a number of the Council’s assets, including its roading, bridges and river protection assets. The damage has not been accounted for in the financial statements because the Council is not yet able to estimate the costs to repair or replace these assets with sufficient reliability. This means the Council has not recognised any impairment for damaged but repairable assets or written off any assets that are damaged beyond repair. The Council is also unable to reliably distinguish between the extent of damage incurred before the financial year end and after.",,,,,,,"Emphasis of Matter","Future of water delivery","Future of water delivery. Without further modifying our opinion, we draw attention to volume 2 note 37 on page 77, which outlines that in response to the Government’s Local Water Done Well reforms, the Council has decided to deliver water services itself directly from 1 July 2027.
There is some uncertainty as the proposal is yet to be accepted by the Secretary for Local
Government",,,,,,,,,
"Kaipara District Council","42 Hokianga Road
Dargaville Dargaville 0310
New Zealand","2024/25","Non-standard",,,,,,,,,,"Emphasis of Matter","Future of water delivery","Future of water delivery. Without modifying our opinion, we draw attention to Note 16 on page 73, which outlines developments in the Government’s water services reform programme.
Without modifying our opinion, we draw attention to the note on pages 159 to 160, which outlines that in response to the Government’s Local Water Done Well reforms, the Council has decided to establish a multi-owned water organisation with Whangarei District Council and Far North District Council to deliver water and wastewater services from 1 July 2027. The financial impact of this decision is unknown because details of the exact arrangements are still being considered.",,,,,,,,,
"Carterton District Council","Halloway Street
Carterton Carterton 5743
New Zealand","2024/25","Non-standard",,,,,,,,,,"Emphasis of Matter","Future of water delivery","Future of water delivery. Without modifying our opinion, we draw attention to note 19 on pages 155 to 156, which outlines that in response to the Government’s Local Water Done Well reforms, the Council has decided to establish a multi-owned organisation with South Wairarapa, Masterton, and Tararua District Councils to deliver water, wastewater and stormwater services from 1 July 2027. The financial impact of this decision is unknown because the details of the exact arrangements are still being considered. In 1 Prepared under clause 26 of Schedule 10 to the Act and required to be audited.addition, there is some uncertainty as the proposal is yet to be accepted by the Secretary for Local Government.",,,,,,,,,
"Gisborne District Council","Fitzherbert Street
Gisborne Gisborne
New Zealand","2024/25","Non-standard",,,,,,,,,,"Emphasis of Matter","Future of water delivery","Future of water delivery. Without modifying our opinion, we draw attention to Note 1B on page 153, which outlines that in response to the Government’s Local Water Done Well reforms, the Council has decided to deliver water services itself directly.There is some uncertainty as the proposal is yet to be accepted by the Secretary for LocalGovernment.",,,,,,,,,
"Hastings District Council","Lyndon Road East
Hastings Hastings
New Zealand","2024/25","Non-standard","Qualified","Service performance: Water services - counting the number of complaints","Qualified opinion on the non-financial performance information. The Council is required to report against the performance measures set out in the Non- financial Performance Measure Rules 2013 made by the Secretary for Local Government. As explained on page 34, the Council was unable to accurately report the number of complaints received by its after hours customer services provider for each of the three waters services. Complete records of all after hours. complaints were not available, and the complaints system used by the after hours customer services provider also did not classify complaints between water supply, wastewater and stormwater. There were no practicable alternative audit procedures we could perform to obtain assurance over these performance measures.Our opinion on the prior year non-financial performance information (referred to as “our reporting framework”) was qualified for the same reasons as described above.",,,,,,,"Emphasis of Matter","Future of water delivery","Future of water delivery. Without modifying our opinion, we draw attention to Note 20 on page 128 which outlines that in response to the Government’s Local Water Done Well reform, the Council has decided to establish a multi-council-owned water organisation with Central Hawkes Bay District Council and Napier City Council to deliver water, wastewater and stormwater services from 1 July 2026. The financial impact of this decision is unknown because details of the exact arrangements are still being considered. In addition, there is some uncertainty as the proposal is yet to be accepted by the Secretary for Local Government.",,,,,,,,,
"Rangitikei District Council","46 High Street
Marton Marton
New Zealand","2024/25","Non-standard",,,,,,,,,,"Emphasis of Matter","Future of water delivery","Future of water delivery. Without modifying our opinion, we draw attention to note 24 on page 104 which outlines that in response to the Government’s Local Water Done Well reforms, the Council has decided to establish a multi-owned water organisation with Palmerston North City Council and Horowhenua District Council to deliver water wastewater and stormwater services from 1 July 2027.The financial impact of this decision is unknown because details of the exact arrangements are still being considered. In addition, there is some uncertainty as the proposal is yet to be accepted by the Secretary for Local Government.",,,,,,,,,
"South Wairarapa District Council","19 Kitchener Street
Martinborough Martinborough
New Zealand","2024/25","Non-standard",,,,,,,,,,"Emphasis of Matter","Future of water delivery","Future of water delivery. Without modifying our opinion, we draw attention to note 26 on pages 96 to 97, which outlines that in response to the Government’s Local Water Done Well reforms, the Council has decided to establish a multi-owned water organisation with Carterton, Masterton, and Tararua District Councils to deliver water, wastewater and stormwater services from 1 July 2027. The financial impact of this decision is unknown because details of the exact arrangements are still being considered. In addition, there is some uncertainty as the proposal is yet to be accepted by the Secretary for Local Government.",,,,,,,,,
"Waipa District Council","101 Bank Street
Te Awamutu Te Awamutu
New Zealand","2024/25","Non-standard",,,,,,,,,,"Emphasis of Matter","Future of water delivery","Future of water delivery. Without modifying our opinion, we draw attention to note 27 on pages 92 to 93 of the financial statements which outlines that in response to the Government’s Local Water Done Well reforms, the Council has decided to establish a multi-owned water organisation with Hauraki, Matamata-Piako, Ōtorohanga, South Waikato, Waitomo and Taupo District Councils (the latter joining as a shareholder, but under particular share structure as has not committed to transferring responsibility for water services to the entity) from 1 July 2026. The financial impact of this decision is unknown because details of the exact arrangements are still being considered.",,,,,,,,,
"Waimate District Council","Local Government Centre
Waimate Waimate
New Zealand","2024/25","Non-standard",,,,,,,,,,"Emphasis of Matter","Future of water delivery","Future of water delivery. Without modifying our opinion, we draw attention to note 30 on page 100, which outlines that in response to the Government’s Local Water Done Well reforms, the Council has decided to deliver water, wastewater and stormwater services itself.
There is some uncertainty as the proposal is yet to be accepted by the Secretary for LocalGovernment.",,,,,,,,,
"Kawerau District Council","Ranfurly Court
Kawerau Kawerau 3127
New Zealand","2024/25","Non-standard",,,,,,,,,,"Emphasis of Matter","Future of water delivery","Future of water delivery. Without modifying our opinion, we draw attention to note 30 on page 48, which outlines that in response to the Government’s Local Water Done Well reforms, the Council has decided to deliver water services itsel",,,,,,,,,
"Horowhenua District Council","126 Oxford Street
Levin Levin 5510
New Zealand","2024/25","Non-standard",,,,,,,,,,"Emphasis of Matter","Future of water delivery","Future of water delivery. Without modifying our opinion, we draw attention to note 32 on pages 212 to 213, which outlines that in response to the Government’s Local Water Done Well reforms, the Council has decided to establish a multi-owned water organisation with Palmerston North City Council and Rangitikei District Councils to deliver water, wastewater and stormwater services from 1 July 2026. The financial impact of this decision is unknown because details of the exact arrangements are still to be considered. In addition, there is some uncertainty as the proposal is yet to be accepted by the Secretary for Local Government.",,,,,,,,,
"Ruapehu District Council","Huia Street
Taumarunui Taumarunui
New Zealand","2024/25","Non-standard",,,,,,,,,,"Emphasis of Matter","Future of water delivery","Future of water delivery. Without modifying our opinion, we draw attention to note 34 on pages 56 to 57 of section 2 of the annual report, which outlines that in response to the Government’s Local Water Done Well reforms, the Council has decided to establish a multi-owned water organisation with Whanganui District Council to deliver certain water, wastewater and stormwater services from 1 July 2027. The financial impact of this decision is unknown because details of the exact arrangements are still being considered. In addition, there is some uncertainty as the proposal is yet to be accepted by the Secretary for Local Government",,,,,,,,,
"Far North District Council","Memorial Avenue
Kaikohe Kaikohe 0440
New Zealand","2024/25","Non-standard",,,,,,,,,,"Emphasis of Matter","Future of water delivery","Future of water delivery. Without modifying our opinion, we draw attention to Note 36 on page 138, which outlines that in response to the Governments' Local Water Done Well reforms, the council has decided to establish a multi-owned water organisation with Whangarei District Council and Kaipara District Council to deliver water, waste water and stormwater as relevant services from July 2027.",,,,,,,,,
"Palmerston North City Council","The Square
Palmerston North Palmerston North
New Zealand","2024/25","Non-standard",,,,,,,,,,"Emphasis of Matter","Future of water delivery","Future of water delivery. Without modifying our opinion, we draw attention to Note 37 on page 228, which outlines that in response to the Government’s Local Water Done Well reforms, the Council has decided to establish a multi-owned water organisation with Horowhenua and Rangitikei District Councils to deliver water, wastewater and stormwater services from 1 July 2027. The financial impact of this decision is unknown because details of the exact arrangements are still being considered. In addition, there is some uncertainty as the proposal is yet to be accepted by the Secretary for Local Government.","Emphasis of Matter","Greenhouse gas emissions","Inherent uncertainties in the measurement of Greenhouse gas emissions. The Group has chosen to include a measure of its greenhouse gas (GHG) emissions in its performance information. In considering the public interest in climate change related information, we draw attention to page 112 which outlines the inherent uncertainty in the reported GHG emissions. Quantifying GHG emissions is subject to inherent uncertainty because he scientific knowledge and methodologies to determine the emissions factors and processes to calculate or estimate quantities of GHG sources are still evolving, as are GHG reporting and assurance standards.",,,,,,
"Grey District Council","105 Tainui Street
Greymouth Greymouth
New Zealand","2024/25","Non-standard",,,,,,,,,,"Emphasis of Matter","Future of water delivery","Future of water delivery. Without modifying our opinion, we draw attention to Note 37 on pages 68 and 69, which outlines that in response to the Government’s Local Water Done Well reforms, the Council has decided to establish a multi-owned water organisation with Westland District Council and Buller District Council to deliver water, wastewater and stormwater services from 1 July 2027.The financial impact of this decision is unknown because details of the exact arrangements are still being considered.",,,,,,,,,
"Tararua District Council","26 Gordon Street
Dannevirke Dannevirke 4942
New Zealand","2024/25","Non-standard",,,,,,,,,,"Emphasis of Matter","Future of water delivery","Future of water delivery. Without modifying our opinion, we draw attention to note 39 on pages 257 to 258, which outlines that in response to the Government’s Local Water Done Well reforms, the Council has decided to establish a multi-owned water organisation with Carterton, Masterton, and South Wairarapa District Councils to deliver water, wastewater and stormwater services from 1 July 2027. The financial impact of this decision is unknown because details of the exact arrangements are still being considered. In addition, there is some uncertainty as the proposal is yet to be accepted by the Secretary for Local Government.",,,,,,,,,
"Kaikoura District Council","Level 2, 96 West End
Kaikoura Kaikoura 7300
New Zealand","2024/25","Non-standard",,,,,,,,,,"Emphasis of Matter","Future of water delivery","Future of water delivery. Without modifying our opinion, we draw attention to note 40 on page 137, which outlines that in response to the Government’s Local Water Done Well reforms, the Council has decided to establish a multi-owned water organisation with Hurunui District Council to deliver water, wastewater and stormwater services from 1 July 2026. The financial impact of this decision is unknown because details of the exact arrangements are still
being considered.",,,,,,,,,
"Dunedin City Council","Civic Centre
50 The Octagon
Dunedin Dunedin 9240
New Zealand","2024/25","Non-standard",,,,,,,,,,"Emphasis of Matter","Future of water delivery","Future of water delivery. Without modifying our opinion, we draw attention to note 42 on page 181, which outlines that in response to the Government’s Local Water Done Well reforms, the Council has decided to deliver water, wastewater and stormwater services itself. There is some uncertainty as the proposal is yet to be accepted by the Secretary for Local Government.",,,,,,,,,
"Waitomo District Council","Queen Street
Te Kuiti Te Kuiti
New Zealand","2024/25","Non-standard",,,,,,,,,,"Emphasis of Matter","Future of water delivery","Future of water delivery. Without modifying our opinion, we draw attention to page 126, which outlines that in response to the Government's Local Water Don Well reforms, the District Council has decided to establish a multi-owned water organisation with Waitomo District Council, Waipa District Council, Matamata-Piako District Council, Otorohanga District Council, Hauraki District Council, and Taupo District Council called Waikato Waters Limited to deliver water and wastewater servics from 1 July 2026. The financial impact of this decision is unknown because detail of the exact arrangement are still being considered.",,,,,,,,,
"South Waikato District Council","Torphin Crescent
Tokoroa Tokoroa
New Zealand","2024/25","Non-standard",,,,,,,,,,"Emphasis of Matter","Future of water delivery","Future of water delivery. Without modifying our opinion, we draw attention to page 126, which outlines that in response to the Government's Local Water Done Well reforms, the District Council has decided to establish a multi-owned water organisation with Waitomo District Council, Waipa District Council, Matamata-Piako District Council, Otorohanga District Council, Hauraki District Council, and Taupō District Council called Waikato Waters Limited to deliver water and wastewater services from 1 July 2026. The financial impact of this decision is unknown because detail of the exact arrangement are still being considered.",,,,,,,,,
"Kapiti Coast District Council","175 Rimu Road
Paraparaumu Paraparaumu
New Zealand","2024/25","Non-standard",,,,,,,,,,"Emphasis of Matter","Future of water delivery","Future of water delivery. Without modifying our opinion, we draw attention to page 141, which outlines that in response to the Government’s Local Water Done Well reforms, the Council has decided to deliver water services itself directly.There is some uncertainty as the proposal is yet to be accepted by the Secretary for Local Government.",,,,,,,,,
"Southland District Council","15 Forth Street
Invercargill Invercargill 9810
New Zealand","2024/25","Non-standard",,,,,,,,,,"Emphasis of Matter","Future of water delivery","Future of water delivery. Without modifying our opinion, we draw attention to page 148 to 149, which outlines that in response to the Government's Local Water Done Well reform, the Council has decided to continue to deliver water services in-house from 1 July 2027. At the time of adopting this Annual Report the Secretary for Local Government had not confimred acceptance of the Council's water service delivery plan (WSDP) proposal, meaning there is some unertainity if changes may be required.",,,,,,,,,
"Hauraki District Council","William Street
Paeroa Paeroa
New Zealand","2024/25","Non-standard",,,,,,,,,,"Emphasis of Matter","Future of water delivery","Future of water delivery. Without modifying our opinion, we draw attention to page 168, which outlines that in response to the Government’s Local Water Done Well reforms, the Council has decided to establish a multiowned water organisation with five (possibly six) participating councils in the Waikato Region to deliver water and wastewater services during July 2025.The financial impact of this decision is unknown because details of the exact arrangements are still being considered.",,,,,,,,,
"Rotorua District Council","1061 Haupapa Street
Rotorua Rotorua 3010
New Zealand","2024/25","Non-standard",,,,,,,,,,"Emphasis of Matter","Future of water delivery","Future of water delivery. Without modifying our opinion, we draw attention to page 177, which outlines that in response to the Government’s Local Water Done Well reforms, the Council has decided to deliver water services itself directly or establish a multi-council owned water organisation to deliver water, wastewater and stormwater services from July 2028. There is some uncertainty as the proposal is yet to be accepted by the Secretary for Local Government",,,,,,,,,
"Otorohanga District Council","17 Maniapoto Street
Otorohanga Otorohanga
New Zealand","2024/25","Non-standard",,,,,,,,,,"Emphasis of Matter","Future of water delivery","Future of water delivery. Without modifying our opinion, we draw attention to page 46, which outlines that in response to the Government's Local Water Done Well reforms, the District Council has decided to establish a multi-owned water organisation with Waitomo District Council, Waipa District Council, Matamata‑Piako District Council, South Waikato District Council, Hauraki District COuncil and Taupō District Council called Waikato Waters Limited to deliver water and wastewater services from 1 July 2027. The financial impact of this decision is unknown because details of the exact arrangements are still being considered.",,,,,,,,,
"Central Hawke's Bay District Council","Ruataniwha Street
4-6 Brougham Street
Waipawa Waipawa 7866
New Zealand","2024/25","Non-standard",,,,,,,,,,"Emphasis of Matter","Future of water delivery","Future of water delivery. Without modifying our opinion, we draw attention to page 85 which outlines that in response to the Governments Local Water Done Well reform, the Council has decided to establish a multi-owned water organisation with Hastings District Council and Napier City Council to deliver water, wastewater and stormwater services. The financial impact of this decision is unknown because details of the exact arrangements are still being considered. In addition, there is some uncertainty as the proposal is yet to be accepted by the Secretary for Local Government.",,,,,,,,,
"Wairoa District Council","Coronation Square
Wairoa Wairoa
New Zealand","2024/25","Non-standard",,,,,,,,,,"Emphasis of Matter","Future of water delivery","Future of water delivery. Without modifying our opinion, we draw attention to page 90, which outlines that in response to the Government’s Local Water Done Well reforms, the Council has decided to establish a wholly owned water organisation to deliver water, wastewater and stormwater services from 1 July 2027. There is some uncertainty as the proposal is yet to be accepted by the Secretary for Local Government.",,,,,,,,,
"Clutha District Council","1 Rosebank Terrace
Balclutha Balclutha 9240
New Zealand","2024/25","Non-standard","Qualified","Service performance: Water services - response time","Qualified Opinion on the Statement of Service Performance. We were unable to obtain sufficient appropriate audit evidence for some of the performanceinformation related to each of the three waters services. From 1 July 2023 new contractor arrangementswere put in place for the delivery of water, wastewater and stormwater services at Council. Due to thetransition, data related to response times to customer notifications and resolution of faults orinterruptions was either not captured, or inaccurately captured for multiple months during the 2024/25 period, meaning Council has been unable to accurately report certain measures.",,,,,,,"Emphasis of Matter","Future of water delivery","Future of water delivery. Without modifying our opinion, we draw attention to page 96, which outlines that in response to the Government’s Local Water Done Well reforms, the Council has decided to establish a multi-owned water organisation with Gore District Council and Central Otago District Council to deliver water, wastewater and stormwater as relevant services from 1 July 2027. The financial impact of this decision is unknown because details of the exact arrangements are still being considered. In addition, there is some uncertainty as the proposal is yet to be accepted by the Secretary for Local Government.",,,,,,,,,
"Porirua City Council","Administration Building
Cobham Court
Porirua Porirua
New Zealand","2024/25","Non-standard",,,,,,,,,,"Emphasis of Matter","Future of water delivery","Future of water delivery. Without modifying our opinion, we draw attention to pages 134 to 135 which outline that in response to the Government’s Local Water Done Well reform, the Council has decided to establish a multi-councilowned water organisation with Upper Hutt City, Hutt City, Wellington City and Greater Wellington Regional Council to deliver water, wastewater and stormwater services from 1 July 2026. The financial impact of this decision is unknown because details of the exact arrangements are still being considered. In addition, there is some uncertainty as the proposal is yet to be accepted by the Secretary for Local
Government.",,,,,,,,,
"Waitaki District Council","20 Thames Street
Oamaru Oamaru
New Zealand","2024/25","Non-standard",,,,,,,,,,"Emphasis of Matter","Future of water delivery","Future of water delivery. Without modifying our opinion, we draw attention to pages 176, which outlines that the Secretary for Local Government has not accepted the Council’s water services delivery plan. In that plan, the Council had proposed to maintain the status quo to deliver its water, wastewater and stormwater services.Due to this decision, the Council is expected to work with a Crown Facilitator appointed to re-draft the plans for delivery of water services. Council will likely incur additional cost in the future as it refines its non-compliant plan or develops alternative solutions. The magnitude of any such additional costs cannot be determined at this point as Council has not yet met to decide the next steps in the process.",,,,,,,,,
"Whangarei District Council","Forum North Building
Rust Avenue
Whangarei Whangarei
New Zealand","2024/25","Non-standard",,,,,,,,,,"Emphasis of Matter","Future of water delivery","Future of water delivery. Without modifying our opinion, we draw attention to pages 286, which outlines that in response to the Government’s Local Water Done Well reforms, the Council has decided to establish a multiowned water organisation with Kaipara District Council and Far North District Council to deliver water and wastewater as relevant services from July 2027.The financial impact of this decision is unknown because details of the exact arrangements are still being considered.",,,,,,,,,
"Gore District Council","Civic Centre
29 Bowler Avenue
Gore Gore 9710
New Zealand","2024/25","Non-standard",,,,,,,,,,"Emphasis of Matter","Future of water delivery","Future of water delivery: Without modifying our opinion, we draw attention to page 102, which outlines that in response to the Government’s Local Water Done Well reforms, the Council has decided to establish a multi-owned water organisation with Central Otago District Council and Clutha District Council to deliver water, wastewater and stormwater services from 1 July 2027. The financial impact of this decision is unknown because details of the exact arrangements are still being considered.",,,,,,,,,
"Central Otago District Council","William Fraser Building
1 Dunorling Street
Alexandra Alexandra 9320
New Zealand","2024/25","Non-standard",,,,,,,,,,"Emphasis of Matter","Inherent uncertainties in the measurement of greenhouse gas emissions","Inherent uncertainties in the measurement of greenhouse gas (GHG) emissions. The Council has chosen to include a measure of its GHG emissions in its performance information. In considering the public interest in climate change related information, we draw attention to the
“measuring emissions” disclosure on page 21, which outlines the uncertainty in the reported GHG emissions. Quantifying GHG emissions is subject to inherent uncertainty because the scientific knowledge and methodologies to determine the emissions factors and processes to calculate or estimate quantities of GHG sources are still evolving, as are GHG reporting and assurance standards.","Emphasis of Matter","Future of water delivery","Future of water delivery. We draw attention to pages 163, which outlines that in response to the Government’s Local Water Done Well reforms, the Council has decided to establish a multi-owned water organisation with Gore District Council and Clutha District Council to deliver water, wastewater and stormwater services from 1 July 2027. The financial impact of this decision is unknown because details of the exact arrangements are still being considered.",,,,,,
"Waikato Regional Council","160 Ward Street
Hamilton Central
Hamilton Hamilton 3204
New Zealand","2024/25","Non-standard",,,,,,,,,,"Emphasis of Matter","Inherent uncertainties in the measurement of greenhouse gas emissions","Inherent uncertainties in the measurement of greenhouse gas emissions The Council has chosen to include a measure of its greenhouse gas (GHG) emissions in its performance information. Without modifying our opinion and considering the public interest inclimate change related information, we draw attention to Measure 19 on page 25 of the annual report, which outlines the inherent uncertainty in the reported GHG emissions. Quantifying GHG emissions is subject to inherent uncertainty because the scientific knowledge and methodologies to determine the emissions factors and processes to calculate or estimate quantities of GHG sources are still evolving, as are GHG reporting and assurance standards.",,,,,,,,,
"Environment Southland (Southland Regional Council)","202 North Road
Waikiwi
Invercargill Invercargill
New Zealand","2024/25","Non-standard",,,,,,,,,,"Emphasis of Matter","Inherent uncertainties in the measurement of greenhouse gas emissions","Inherent uncertainties in the measurement of greenhouse gas emissions. The Council has chosen to include a measure of its greenhouse gas (GHG) emissions in its performance information. Without modifying our opinion and considering the public interest in climate change related information, we draw attention to Measure 19 on page 25 of the annual report, which outlines the inherent uncertainty in the reported GHG emissions. Quantifying GHG emissions is subject to inherent uncertainty because the scientific knowledge and
methodologies to determine the emissions factors and processes to calculate or estimate quantities of GHG sources are still evolving, as are GHG reporting and assurance standards.",,,,,,,,,
"Christchurch City Council","53 Hereford Street
Christchurch Christchurch 8013
New Zealand","2024/25","Non-standard","Qualified","Service performance: Smooth travel exposure","Statement of service performance: Our work in the prior year was limited in relation to the performance measure. The average quality of ride on the sealed local road network, measured by smooth travel exposure The Council is required to report against the performance measures set out in the Non-Financial Performance Measure Rules 2024 (the Rules) made by the Secretary for Local Government. These mandatory performance measures include the average quality of ride on the sealed local road network measured by smooth travel exposure. This performance measure is important because road smoothness is indicative of the quality of service provided to the community. For the 30 June 2024 performance year, we were unable to obtain assurance over the accuracy of traffic estimate data used to calculate the performance measure, because this estimate data was not sufficiently up to date, as described on pages 132 and 133 of the annual report. The actual average quality of ride on the sealed local road network in the prior year may therefore differ materially from the result reported. As a result, our work was limited and there were no practicable audit procedures we could apply to obtain assurance over the accuracy of reported performance for this measure for the 2024 performance year, reported as comparative information. Our audit opinion on the statement of service performance for the year ended 30 June 2024 was modified accordingly. This issue has been resolved for the 30 June 2025 year. As the limitation on our work cannot be resolved for the 30 June 2024 year, the Council’s performance information reported for this measure for the 30 June 2025 year may not be directly comparable to the 30 June 2024 performance information.",,,,,,,"Emphasis of Matter","Inherent uncertainties in the measurement of greenhouse gas emissions","Inherent uncertainties in the measurement of greenhouse gas emissions. The Council has chosen to include measures of its greenhouse gas (GHG) emissions in its statement of performance. Considering the public interest in climate change related information, we draw attention to page 184 of the annual report, which outlines the inherent uncertainty in the reported GHG emissions. Quantifying GHG emissions is subject to inherent uncertainty because the scientific knowledge and methodologies to determine the emission factors and processes to calculate or estimate quantities of GHG sources is still evolving, as are GHG reporting and assurance standards.",,,,,,,,,
"Chatham Islands Council","Tuku Rd
Chatham Islands Chatham Islands 5743
New Zealand","2024/25","Non-standard",,,,,,,,,,"Emphasis of Matter","Material uncertainty related to going concern","Material uncertainty related to going concern. Note 16 on page 85 outlines how insufficient funding to meet increased costs continues to weaken the Council’s cash position and management’s plans to deal with the cash flow constraints. There is material uncertainty related to these conditions that may cast significant doubt on the Council’s ability to continue as a going concern.","Emphasis of Matter","Future of water delivery","Future of water delivery. Note 17 on pages 87 outlines that the Secretary for Local Government has rejected the Council’s water services delivery plan. In that plan, the Council had proposed to deliver water, wastewater and stormwater services itself directly from 1 July 2027.Following this decision, the Council is required to amend their plan and resubmit it in two stages, with the final resubmitted plan due by 30 June 2028. There is therefore uncertainty about future delivery of water services on the islands, the level of services the Council can continue to provide to its community, and the financial implications of the eventual delivery model.",,,,,,
"Manawatu-Wanganui Regional Council (Horizons)","11-15 Victoria Avenue
Palmerston North Palmerston North
New Zealand","2024/25","Non-standard",,,,,,,,,,"Emphasis of Matter","Uncertainties over the fair value of the shares in CentrePort Limited (CentrePort)","Uncertainties over the fair value of the shares in CentrePort Limited (CentrePort). Without modifying our opinion, we draw attention to Note 16 on pages 124 to 127, which outlines how the fair value of the shares in CentrePort as at 30 June 2025 has been determined. There are a number of uncertainties involved in estimating the fair value, as the key assumptions are sensitive to change. These uncertainties could have a material effect on the carrying value of the Regional Council’s shares in MWRC Holdings Limited of $31.5 million and the fair value of the group’s shares held in CentrePort of $66.7 million.",,,,,,,,,
"Queenstown-Lakes District Council","Civic Centre
10 Gorge Rd
Queenstown Queenstown 9300
New Zealand","2024/25","Non-standard",,,,,,,,,,"Emphasis of Matter","Uncertainties relating to the Lot 6 provision estimation (Group only)","Uncertainties relating to the Lot 6 provision estimation (Group only) Without modifying our opinion. We draw attention to Note 14 on page 138 which outlines that there is a high level of uncertainty in estimating any additional compensation that may be required to settle the ongoing dispute in relation to the compulsory acquisition of Lot 6. QAC has recognised a provision which represents potential cash payments determined based on independent external valuations as at 30 June 2025. The Land Valuation Tribunal (LVT) hearing in relation to Lot 6 concluded in April 2025, with a decision on the compensation payable still to be released. Additional compensation may be in excess of the provision recognised.","Emphasis of Matter","Future of water delivery","Future of water delivery. Without modifying our opinion, we draw attention to page 147, which outlines that in response to the Government’s Local Water Done Well reforms, the Council has decided to establish a wholly owned water organisation to deliver water services from 1 July 2027. At the time of adopting this Annual Report the Secretary for Local Government has not confirmed acceptance of the Council’s water services delivery plan (WSDP) proposal, meaning there is some uncertainty if changes may be required.",,,,,,
"West Coast Regional Council","388 Main South Rd
Greymouth Greymouth 7805
New Zealand","2024/25","Non-standard","Qualified","Financial statements","Financial statements: Comparative information not presented in the statement of revenue and expenses. As part of the long-term planning process, the Regional Council restructured its operating activities from seven to five new groups of activities. These five new groups of activities form the basis for the classification of expenditure in the statement of comprehensive revenue and expenditure included in the audited information. The Regional Council has not reclassified the previous historical financial information with the new activity structures, and has therefore not presented comparative information in relation to expenditure by operating activity as required by generally accepted accounting practice.","Qualified","Financial statement","Financial statements: Our work was limited in relation to the previous year revaluation of the Seawalls, Stopbanks and Earthworks assets. The Regional Council revalued its seawalls, stopbanks and earthworks assets as at 30 June 2024. The approach taken by the independent valuer to determine the value of these assets placed significant reliance on the price of components provided by the Regional Council and third parties.

Our audit report on the 30 June 2024 financial statements was qualified because the Regional Council was not able to provide evidence to support the pricing assumptions made by the independent valuer. Therefore, we were unable to obtain sufficient audit evidence for the value of these assets included in the property, plant and equipment and the related revaluation reserve in the Statement of Financial Position as at 30 June 2024, and the revaluation movement in the statement of comprehensive revenue and expenses and statement of changes in equity for the year ended 30 June 2024.

As a result of the matter described above, we were also unable to obtain sufficient audit evidence to support the revaluation reserve movement in the statement of comprehensive revenue and expenses and statement of changes in equity for the year ended 30 June 2025. In addition, our opinion on the 30 June 2025 statement of financial position is qualified due to the potential lack of comparability of this information with the 30 June 2024 reported balances.","Qualified","Financial statements","Funding impact statements for each group of activities. Comparative information not presented in accordance with clause 26 of Schedule 10 of the Act As noted above, the Regional Council restructured its groups of activities as part of its long-term planning processes. The Regional Council did not reclassify the 2023/24 comparative forecasts in the 2024-34 LTP. As a result, the Regional Council has not presented forecast comparative information in its funding impact statements for each group of activities on pages 20, 27, 32, 39, and 42, which is required under clause 26(2) of Schedule 10 of the Act.",,,,,,,,,,,,
"Auckland Council","ASB Building
135 Albert Street
Auckland Central
Auckland Auckland 1010
New Zealand","2024/25","Non-standard","Qualified","Service performance: High risk resource consents monitoring ","Qualified opinion on the service performance information. The Group in its Long-term plan 2024-2034 has included a new performance measure for its monitoring of high-risk resource consents. The Council has reported its performance against this measure in Volume 1 on pages 82 and 84. As explained by the Council on page 82 and footnote 8 on pages 85-86, there are data integrity issues, including inaccuracies in the risk classifications for consents. Due to these data limitations, we are unable to determine whether the reported result is materially correct. As a result, our opinion is qualified in respect of this performance measure.",,,,,,,,,,,,,,,,"Key Audit Matter","1) Audit of the service performance information (statement of service provision)

2) Valuation of infrastructure assets: Water and Wastewater, and Roads and Formation

3) Valuation of the weathertightness and property buy-out provisions

4) Valuation of derivatives",
"Environment Canterbury Regional Council","200 Tuam Street
Christchurch Christchurch 8053
New Zealand","2024/25","Non-standard","Qualified","Service performance: Flood Protection","Qualified opinion on the statement of service performance (called ‘Reporting on our core services’) Statement of service performance. Our work was limited in relation to theperformance measure: Percentage of stopbanks, river berms and fairways on our six major flood protection and control schemes that are inspected annually. An important part of the Council’s performance information relates to the inspection of its significant flood protection assets because of the impact that flooding can have on the community. As disclosed on page 59 of the annual report, the GIS system did not systematically record the details of when inspectionsfor river berms and fairways took place. As a result, our work was limited andthere were no practicable audit procedures we could apply to determine whether the Council’s reported performance for this performance measure of 92% fairly presents actual performance for the reporting year.",,,,,,,,,,,,,,,,,,
"Taupo District Council","Level 1, 107 Heu Heu Street
Taupo Taupo 3330
New Zealand","2024/25","Non-standard","Qualified","Service performance: Roads & footpaths","Statement of service performance: Our work was limited in respect of certain responsiveness performance measures. The Council is required to report against the performance measures set out in the Non-Financial Performance Measure Rules 2024 (the Rules) made by the Secretary for Local Government. These include mandatory performance measures relating to:
• the responsiveness of the Council to customer service requests relating to its roads and
footpaths;
• the time taken to attend to and resolve water supply and wastewater faults; and
• the time taken to attend flooding events.
We identified significant issues with these performance measures. As explained on pages 19 and 43 the Council did not have sufficiently reliable systems in place to support the reported performance for the responsiveness to customer service requests relating to roads and footpaths. As a result of this issue, our work was limited and there was no practicable audit procedures we could apply to obtain assurance that the reported result for this measure is materially correctly stated.",,,,,,,,,,,,,,,,,,
"Opotiki District Council","108 St John Street
Opotiki Opotiki
New Zealand","2024/25","Non-standard","Qualified","Service performance: Water services - response time","Statement of service performance: Our work was limited in respect of resolution times for sewerage overflows and response times for customer service requests for roads and footpaths. The Council is required to report against the performance measures set out in the Non-Financial Performance Measure Rules 2024 (the Rules) made by the Secretary for Local Government. These include mandatory performance measures relating to:
• the time taken to resolve sewerage overflows; and
• the response times for customer service requests relating to roads and footpaths.
We identified significant issues with these performance measures. As explained on page 52, 61 and 62, the Council was unable to provide adequate support for the reported performance against these measures. As a result of these issues, our work was limited and there were no practical audit procedures we could apply to obtain assurance that the reported results for these measures are materially correctly stated.",,,,,,,,,,,,,,,,,,
"Invercargill City Council","101 Esk Street
Invercargill Invercargill 9810
New Zealand","2024/25","Non-standard","Qualified","Service performance: Smooth travel exposure","Statement of service performance: Our work was limited in the prior year with respect to the performance measure on the average quality of ride on the sealed local road network measured by smooth travel exposure. For the 30 June 2024 performance year, we were unable to obtain assurance over the accuracy of traffic estimate data used to calculate the performance measure, because the data was not sufficiently up to date. The actual average quality of ride on the sealed local road network in the prior year may therefore differ materially from the result reported. As a result, our work was limited and there were no practicable audit procedures we could apply to obtain assurance over the accuracy of reported performance for this performance measure for the year ended 30 June 2024, reported as comparative information. Our audit opinion on the statement of service performance for the year ended 30 June 2024 was modified accordingly.This issue has been resolved for the 30 June 2025 performance year. As the limitation on our work cannot be resolved for the 30 June 2024 year, the Council’s reported performance for this performance measure for the 30 June 2025 year may not be directly comparable with the 30 June 2024 performance information.",,,,,,,,,,,,,,,,,,
"Ashburton District Council","Cnr Havelock & Baring Streets
Ashburton Ashburton
New Zealand","2024/25","Standard",,,,,,,,,,,,,,,,,,,,,
"Buller District Council","Brougham House
6-8 Brougham Street
Westport Westport 7866
New Zealand","2024/25",,,,,,,,,,,,,,,,,,,,,,
"Hawke's Bay Regional Council","102 Vautier Street
Napier Napier
New Zealand","2024/25","Non-standard",,,,,,,,,,,,,,,,,,,,"Other Matter Paragraph","The Regional Council has chosen to report its greenhouse gas (GHG) emissions in its performance
information. Without further modifying our opinion and considering the public interest in climate
change related information, we draw attention to page 36 of the annual report. Quantifying GHG
emissions is subject to inherent uncertainty because the scientific knowledge and methodologies to
determine the emissions factors and processes to calculate or estimate quantities of GHG sources
are still evolving, as are GHG reporting and assurance standards."
"Hurunui District Council","66 Carters Rd
Amberley Amberley 7410
New Zealand","2024/25","Standard",,,,,,,,,,,,,,,,,,,,,
"Marlborough District Council","15-21 Seymour Street
Blenheim Blenheim
New Zealand","2024/25","Standard",,,,,,,,,,,,,,,,,,,,,
"Northland Regional Council","36 Water Street
Whangarei Whangarei 0148
New Zealand","2024/25","Standard",,,,,,,,,,,,,,,,,,,,,
"Otago Regional Council","Regional House
70 Stafford Street
Dunedin Dunedin
New Zealand","2024/25","Standard",,,,,,,,,,,,,,,,,,,,,
"Selwyn District Council","2 Norman Kirk Drive
10 Gorge Rd
Rolleston Rolleston 7643
New Zealand","2024/25","Standard",,,,,,,,,,,,,,,,,,,,,
"South Taranaki District Council","Albion Street
Hawera Hawera
New Zealand","2024/25","Standard",,,,,,,,,,,,,,,,,,,,,
"Taranaki Regional Council","47 Cloton Road
Stratford Stratford
New Zealand","2024/25","Standard",,,,,,,,,,,,,,,,,,,,,
"Timaru District Council","2 King George Place
Timaru Timaru 7940
New Zealand","2024/25","Standard",,,,,,,,,,,,,,,,,,,,,
"Waimakariri District Council","215 High Street
Rangiora Rangiora
New Zealand","2024/25","Standard",,,,,,,,,,,,,,,,,,,,,
